"id","abandono2003_egb_1y2_total","abandono2003_egb_1","abandono2003_egb_2","abandono2003_egb_3","abandono2003_egb_4","abandono2003_egb_5","abandono2003_egb_6","abandono2003_egb_3_total","abandono2003_egb_7","abandono2003_egb_8","abandono2003_egb_9","abandono2003_poli_total","abandono2003_poli_1","abandono2003_poli_2","abandono2003_poli_3","abandono2004_egb_2","abandono2004_egb_3","abandono2004_egb_4","abandono2004_egb_5","abandono2004_egb_6","abandono2004_egb_1y2_total","abandono2004_egb_1","abandono2004_egb_3_total","abandono2004_egb_7","abandono2004_egb_8","abandono2004_egb_9","abandono2004_poli_total","abandono2004_poli_1","abandono2004_poli_2","abandono2004_poli_3","abandono2005_egb_1y2_total","abandono2005_egb_1","abandono2005_egb_2","abandono2005_egb_3","abandono2005_egb_4","abandono2005_egb_5","abandono2005_egb_6","abandono2005_egb_3_total","abandono2005_egb_7","abandono2005_egb_8","abandono2005_egb_9","abandono2005_poli_total","abandono2005_poli_1","abandono2005_poli_2","abandono2005_poli_3","abandono2006_egb_1y2_total","abandono2006_egb_1","abandono2006_egb_2","abandono2006_egb_3","abandono2006_egb_4","abandono2006_egb_5","abandono2006_egb_6","abandono2006_egb_3_total","abandono2006_egb_7","abandono2006_egb_8","abandono2006_egb_9","abandono2006_poli_total","abandono2006_poli_1","abandono2006_poli_2","abandono2006_poli_3","abandono2007_egb_2","abandono2007_egb_3","abandono2007_egb_4","abandono2007_egb_5","abandono2007_egb_6","abandono2007_egb_1y2_total","abandono2007_egb_1","abandono2007_egb_3_total","abandono2007_egb_7","abandono2007_egb_8","abandono2007_egb_9","abandono2007_poli_total","abandono2007_poli_1","abandono2007_poli_2","abandono2007_poli_3","abandono2008_egb_2","abandono2008_egb_1y2_total","abandono2008_egb_1","abandono2008_egb_3","abandono2008_egb_4","abandono2008_egb_5","abandono2008_egb_6","abandono2008_egb_3_total","abandono2008_egb_7","abandono2008_egb_8","abandono2008_egb_9","abandono2008_poli_total","abandono2008_poli_1","abandono2008_poli_2","abandono2008_poli_3","abandono2009_egb_1y2_total","abandono2009_egb_1","abandono2009_egb_2","abandono2009_egb_3","abandono2009_egb_4","abandono2009_egb_5","abandono2009_egb_6","abandono2009_egb_3_total","abandono2009_egb_7","abandono2009_egb_8","abandono2009_egb_9","abandono2009_poli_total","abandono2009_poli_1","abandono2009_poli_2","abandono2009_poli_3","promocion2003_egb_1y2_total","promocion2003_egb_1","promocion2003_egb_2","promocion2003_egb_3","promocion2003_egb_4","promocion2003_egb_5","promocion2003_egb_6","promocion2003_egb_3_total","promocion2003_egb_7","promocion2003_egb_8","promocion2003_egb_9","promocion2003_poli_total","promocion2003_poli_1","promocion2003_poli_2","promocion2003_poli_3","promocion2004_egb_1y2_total","promocion2004_egb_1","promocion2004_egb_2","promocion2004_egb_3","promocion2004_egb_4","promocion2004_egb_5","promocion2004_egb_6","promocion2004_egb_3_total","promocion2004_egb_7","promocion2004_egb_8","promocion2004_egb_9","promocion2004_poli_total","promocion2004_poli_1","promocion2004_poli_2","promocion2004_poli_3","promocion2005_egb_1y2_total","promocion2005_egb_1","promocion2005_egb_2","promocion2005_egb_3","promocion2005_egb_4","promocion2005_egb_5","promocion2005_egb_6","promocion2005_egb_3_total","promocion2005_egb_7","promocion2005_egb_8","promocion2005_egb_9","promocion2005_poli_total","promocion2005_poli_1","promocion2005_poli_2","promocion2005_poli_3","promocion2006_egb_1y2_total","promocion2006_egb_1","promocion2006_egb_2","promocion2006_egb_3","promocion2006_egb_4","promocion2006_egb_5","promocion2006_egb_6","promocion2006_egb_3_total","promocion2006_egb_7","promocion2006_egb_8","promocion2006_egb_9","promocion2006_poli_total","promocion2006_poli_1","promocion2006_poli_2","promocion2006_poli_3","promocion2007_egb_1y2_total","promocion2007_egb_1","promocion2007_egb_2","promocion2007_egb_3","promocion2007_egb_4","promocion2007_egb_5","promocion2007_egb_6","promocion2007_egb_3_total","promocion2007_egb_7","promocion2007_egb_8","promocion2007_egb_9","promocion2007_poli_total","promocion2007_poli_1","promocion2007_poli_2","promocion2007_poli_3","promocion2008_egb_1y2_total","promocion2008_egb_1","promocion2008_egb_2","promocion2008_egb_3","promocion2008_egb_4","promocion2008_egb_5","promocion2008_egb_6","promocion2008_egb_3_total","promocion2008_egb_7","promocion2008_egb_8","promocion2008_egb_9","promocion2008_poli_total","promocion2008_poli_1","promocion2008_poli_2","promocion2008_poli_3","promocion2009_egb_1y2_total","promocion2009_egb_1","promocion2009_egb_2","promocion2009_egb_3","promocion2009_egb_4","promocion2009_egb_5","promocion2009_egb_6","promocion2009_egb_3_total","promocion2009_egb_7","promocion2009_egb_8","promocion2009_egb_9","promocion2009_poli_total","promocion2009_poli_1","promocion2009_poli_2","promocion2009_poli_3","repitencia2003_egb_1y2_total","repitencia2003_egb_1","repitencia2003_egb_2","repitencia2003_egb_3","repitencia2003_egb_4","repitencia2003_egb_5","repitencia2003_egb_6","repitencia2003_egb_3_total","repitencia2003_egb_7","repitencia2003_egb_8","repitencia2003_egb_9","repitencia2003_poli_total","repitencia2003_poli_1","repitencia2003_poli_2","repitencia2003_poli_3","repitencia2004_egb_1y2_total","repitencia2004_egb_1","repitencia2004_egb_2","repitencia2004_egb_3","repitencia2004_egb_4","repitencia2004_egb_5","repitencia2004_egb_6","repitencia2004_egb_3_total","repitencia2004_egb_7","repitencia2004_egb_8","repitencia2004_egb_9","repitencia2004_poli_total","repitencia2004_poli_1","repitencia2004_poli_2","repitencia2004_poli_3","repitencia2005_egb_1y2_total","repitencia2005_egb_1","repitencia2005_egb_2","repitencia2005_egb_3","repitencia2005_egb_4","repitencia2005_egb_5","repitencia2005_egb_6","repitencia2005_egb_3_total","repitencia2005_egb_7","repitencia2005_egb_8","repitencia2005_egb_9","repitencia2005_poli_total","repitencia2005_poli_1","repitencia2005_poli_2","repitencia2005_poli_3","repitencia2006_egb_1y2_total","repitencia2006_egb_1","repitencia2006_egb_2","repitencia2006_egb_3","repitencia2006_egb_4","repitencia2006_egb_5","repitencia2006_egb_6","repitencia2006_egb_3_total","repitencia2006_egb_7","repitencia2006_egb_8","repitencia2006_egb_9","repitencia2006_poli_total","repitencia2006_poli_1","repitencia2006_poli_2","repitencia2006_poli_3","repitencia2007_egb_1y2_total","repitencia2007_egb_1","repitencia2007_egb_2","repitencia2007_egb_3","repitencia2007_egb_4","repitencia2007_egb_5","repitencia2007_egb_6","repitencia2007_egb_3_total","repitencia2007_egb_7","repitencia2007_egb_8","repitencia2007_egb_9","repitencia2007_poli_total","repitencia2007_poli_1","repitencia2007_poli_2","repitencia2007_poli_3","repitencia2008_egb_1y2_total","repitencia2008_egb_1","repitencia2008_egb_2","repitencia2008_egb_3","repitencia2008_egb_4","repitencia2008_egb_5","repitencia2008_egb_6","repitencia2008_egb_3_total","repitencia2008_egb_7","repitencia2008_egb_8","repitencia2008_egb_9","repitencia2008_poli_total","repitencia2008_poli_1","repitencia2008_poli_2","repitencia2008_poli_3","repitencia2009_egb_1y2_total","repitencia2009_egb_1","repitencia2009_egb_2","repitencia2009_egb_3","repitencia2009_egb_4","repitencia2009_egb_5","repitencia2009_egb_6","repitencia2009_egb_3_total","repitencia2009_egb_7","repitencia2009_egb_8","repitencia2009_egb_9","repitencia2009_poli_total","repitencia2009_poli_1","repitencia2009_poli_2","repitencia2009_poli_3"
"BUENOS AIRES",1.3,1.8,0.5,0.6,0.6,0.9,3.7,7.5,3.2,8.8,10.8,23.0,21.7,17.3,32.4,0.4,0.4,0.3,0.8,3.5,1.1,1.5,6.9,3.5,7.7,10.1,24.2,24.5,16.1,34.2,1.0,1.5,0.4,0.1,0.3,1.0,2.6,11.3,7.9,13.0,13.5,25.0,25.8,17.1,33.6,1.3,1.9,0.8,0.8,0.8,1.5,2.2,9.6,7.9,12.1,8.9,22.9,23.8,16.1,30.0,-0.3,-0.6,-0.3,0.5,0.7,0.0,0.3,6.4,5.8,7.7,5.4,21.0,22.0,15.3,27.0,0.0,0.1,0.6,-0.1,0.2,0.4,-0.2,6.6,3.4,10.2,6.5,21.4,22.6,15.0,27.6,0.8,1.3,0.5,0.5,0.6,0.8,0.8,8.7,4.9,11.4,10.3,16.8,20.5,13.5,14.3,93.5,91.5,94.1,94.7,94.9,94.5,91.4,83.9,88.4,80.6,82.3,68.7,66.9,72.9,66.3,93.5,91.7,94.0,94.8,95.0,94.2,91.4,83.3,86.8,80.5,82.3,66.9,63.2,74.1,64.1,93.3,91.4,93.9,94.8,94.5,93.5,91.9,75.8,78.9,71.8,76.6,65.7,61.0,72.9,64.9,93.5,91.3,93.8,94.5,94.5,93.7,93.3,77.1,77.5,73.0,81.5,68.3,64.0,74.1,68.6,95.2,93.1,95.1,96.2,96.0,95.4,95.8,82.8,82.0,80.7,86.6,70.7,66.4,75.7,71.7,96.0,93.8,95.5,96.4,96.4,96.3,97.6,82.0,85.6,75.7,84.7,70.5,65.9,76.6,71.0,95.6,93.2,95.0,95.9,96.2,96.2,97.1,77.8,82.5,72.3,78.3,74.6,66.7,78.0,84.3,5.2,6.7,5.4,4.7,4.6,4.6,4.9,8.7,8.3,10.6,6.9,8.2,11.3,9.8,1.3,5.3,6.8,5.5,4.8,4.7,5.0,5.1,9.8,9.6,11.9,7.6,8.9,12.3,9.8,1.7,5.7,7.1,5.8,5.0,5.2,5.4,5.5,12.9,13.3,15.2,9.8,9.4,13.2,10.1,1.5,5.2,6.8,5.4,4.7,4.8,4.9,4.5,13.3,14.6,14.9,9.6,8.8,12.2,9.8,1.4,4.7,6.6,5.2,4.4,4.3,4.1,3.5,10.8,12.1,11.6,8.0,8.3,11.6,9.0,1.4,3.9,5.6,4.5,3.7,3.5,3.3,2.6,11.4,11.0,14.1,8.7,8.1,11.5,8.5,1.4,3.7,5.5,4.5,3.7,3.2,3.0,2.1,13.6,12.6,16.3,11.5,8.6,12.8,8.5,1.4
"CATAMARCA",2.3,3.4,-0.4,0.7,1.7,2.5,6.1,7.2,3.6,6.1,12.5,14.9,14.0,8.0,24.2,0.8,2.3,0.3,2.3,3.4,1.9,2.6,6.1,4.4,5.5,8.8,15.4,13.3,9.2,25.0,1.6,4.0,0.8,1.0,0.9,2.7,0.1,3.4,1.9,2.6,6.1,17.9,15.9,13.9,25.4,1.3,2.3,-0.4,0.6,1.0,2.3,1.6,9.0,5.1,11.2,11.2,16.2,14.3,11.0,24.9,0.1,1.1,2.0,1.3,1.4,1.5,2.9,7.8,3.5,10.3,10.0,16.3,14.8,14.4,21.4,1.7,1.9,3.0,2.0,1.4,2.1,1.1,7.4,5.4,9.9,6.9,15.9,13.7,14.0,21.8,1.0,1.8,-1.1,1.1,2.0,1.5,0.4,6.2,3.6,6.2,9.5,15.0,14.0,12.2,19.8,92.0,88.5,94.6,92.9,92.2,93.3,90.7,87.9,91.6,87.8,83.8,81.0,80.4,86.4,75.4,92.1,89.2,93.5,91.9,93.2,92.6,92.4,87.3,89.6,87.1,84.7,79.7,80.9,83.5,73.9,92.5,88.0,93.4,93.1,93.1,92.2,96.0,89.9,91.9,89.1,88.5,77.7,78.9,80.1,73.3,93.9,90.8,95.6,94.2,93.4,94.2,95.4,84.4,88.8,80.6,83.6,77.5,77.8,80.2,74.0,94.0,91.0,95.2,93.7,93.2,95.4,95.9,85.6,89.6,81.8,85.2,78.5,79.0,78.7,77.3,93.8,91.0,94.2,93.4,94.5,94.2,95.9,84.9,86.2,81.8,87.1,79.9,80.8,80.9,77.2,95.1,92.6,96.5,94.7,94.3,95.6,96.8,86.9,89.2,85.3,86.0,81.6,81.8,83.1,79.5,5.7,8.1,5.7,6.4,6.1,4.2,3.3,4.9,4.8,6.2,3.7,4.2,5.7,5.6,0.4,6.0,8.2,5.7,5.8,6.4,5.1,4.2,6.6,5.9,7.3,6.5,4.9,5.8,7.3,1.0,5.8,8.1,5.9,5.9,6.0,5.1,3.9,6.7,6.2,8.3,5.4,4.4,5.2,6.0,1.2,4.9,6.9,4.8,5.2,5.6,3.5,3.0,6.6,6.1,8.2,5.2,6.3,7.9,8.9,1.1,4.5,6.1,4.7,5.2,4.8,3.3,2.7,6.6,6.9,7.9,4.7,5.3,6.2,7.0,1.3,4.3,6.0,4.1,4.6,4.1,3.7,3.0,7.7,8.4,8.3,6.0,4.2,5.5,5.1,1.0,4.0,5.6,4.6,4.3,3.6,2.9,2.8,6.9,7.2,8.6,4.5,3.4,4.2,4.7,0.7
"CHACO",3.6,4.3,2.2,3.4,3.2,4.6,4.0,11.5,-1.1,15.8,21.2,13.8,11.1,9.1,23.6,2.8,3.5,3.3,4.7,4.6,4.0,4.9,9.4,0.8,11.7,17.3,20.8,18.2,17.9,27.8,3.3,4.1,2.2,2.4,3.1,4.1,3.6,10.6,-2.6,16.3,17.5,11.6,21.6,-1.1,8.7,3.3,4.1,1.8,2.9,2.7,4.7,3.5,8.1,-3.6,12.0,15.5,13.0,11.1,9.7,19.8,1.7,2.6,2.6,3.1,1.9,2.7,4.4,7.0,-6.0,13.1,13.6,15.6,15.6,11.5,20.5,0.6,2.7,4.0,3.1,2.8,2.9,2.5,8.3,-1.5,13.5,13.4,13.3,11.9,8.6,20.9,2.6,2.8,1.1,3.2,2.5,2.5,3.5,9.4,-0.3,15.3,13.0,15.9,19.0,7.8,20.3,88.0,81.3,88.4,87.6,90.5,90.8,91.7,79.3,97.7,71.7,66.7,80.5,79.7,85.3,75.9,87.5,81.0,87.6,87.6,90.4,90.1,90.7,79.7,95.0,73.6,68.6,73.0,70.9,76.9,71.4,88.4,81.7,88.3,88.9,90.8,91.1,91.8,77.6,97.0,68.4,68.4,81.7,69.7,93.0,89.3,89.1,81.8,89.7,89.3,92.0,91.0,92.6,76.7,96.3,67.9,66.9,79.8,77.7,83.3,78.5,90.2,82.9,90.3,90.0,92.6,92.5,94.5,78.5,98.5,67.0,70.7,78.3,75.0,82.7,78.1,90.9,84.0,91.8,90.5,92.7,93.7,94.2,77.4,94.7,66.8,70.5,79.1,75.9,84.2,77.8,91.4,86.1,91.9,90.2,93.3,94.0,93.4,76.9,94.4,65.3,71.7,77.8,70.5,86.7,79.0,8.4,14.4,9.4,9.0,6.4,4.6,4.3,9.2,3.4,12.5,12.1,5.6,9.2,5.6,0.5,8.5,14.2,9.5,8.9,6.3,5.2,4.8,10.8,4.2,14.7,14.1,6.2,10.9,5.3,0.8,8.4,14.2,9.5,8.7,6.1,4.7,4.6,11.8,5.6,15.2,14.1,6.8,8.7,8.1,2.0,7.7,14.2,8.5,7.9,5.3,4.2,3.8,15.2,7.3,20.0,17.6,7.2,11.2,7.0,1.7,7.0,12.7,8.0,7.4,4.8,4.4,3.6,14.6,7.5,19.9,15.8,6.1,9.4,5.8,1.4,6.4,12.0,7.5,6.4,4.4,3.4,3.3,14.3,6.8,19.7,16.1,7.6,12.2,7.2,1.3,6.0,11.1,7.0,6.5,4.3,3.5,3.0,13.7,6.0,19.4,15.3,6.3,10.5,5.5,0.6
"CHUBUT",0.8,0.8,0.1,-0.7,1.2,0.9,2.7,5.7,3.2,5.3,9.0,15.9,15.3,11.8,21.9,0.1,-0.7,1.2,0.9,2.7,0.8,0.8,5.7,3.2,5.3,9.0,15.9,15.3,11.8,21.9,0.8,0.8,0.1,-0.7,1.2,0.9,2.7,5.7,3.2,5.3,9.0,15.9,15.3,11.8,21.9,0.4,1.2,-0.1,-2.2,0.8,1.6,1.1,8.5,4.2,9.8,12.0,20.7,17.8,13.9,34.6,-2.2,-1.6,-1.3,-0.4,1.3,-0.7,0.2,9.6,7.4,16.6,4.2,21.0,21.6,16.2,26.4,-0.2,0.8,0.8,0.2,0.7,1.2,1.8,3.1,0.4,2.4,7.7,16.1,18.4,7.2,23.8,0.6,0.6,-0.2,0.5,-0.3,0.5,2.4,11.3,5.4,7.4,23.6,16.6,15.9,5.1,30.9,92.0,89.1,93.8,94.4,91.2,92.0,91.5,81.9,86.9,81.1,76.9,75.2,70.8,79.6,77.2,92.0,89.1,93.8,94.4,91.2,92.0,91.5,81.9,86.9,81.1,76.9,75.2,70.8,79.6,77.2,92.0,89.1,93.8,94.4,91.2,92.0,91.5,81.9,86.9,81.1,76.9,75.2,70.8,79.6,77.2,93.0,89.6,94.6,96.7,91.9,91.3,94.3,76.3,82.3,72.6,73.7,67.7,65.3,73.5,64.3,95.4,92.0,97.5,96.7,95.9,95.2,95.1,78.0,80.2,68.9,86.1,70.2,65.3,75.7,72.3,95.1,91.9,96.2,96.1,95.6,94.9,95.8,81.2,86.2,78.9,77.3,73.9,65.5,86.1,73.7,96.2,93.9,97.0,96.9,97.3,96.5,95.8,73.1,81.0,73.0,63.3,74.0,67.9,88.0,68.3,7.2,10.1,6.2,6.3,7.5,7.1,5.8,12.4,10.0,13.6,14.1,8.9,13.9,8.6,0.9,7.2,10.1,6.2,6.3,7.5,7.1,5.8,12.4,10.0,13.6,14.1,8.9,13.9,8.6,0.9,7.2,10.1,6.2,6.3,7.5,7.1,5.8,12.4,10.0,13.6,14.1,8.9,13.9,8.6,0.9,6.6,9.2,5.5,5.6,7.3,7.1,4.6,15.2,13.5,17.6,14.3,11.6,17.0,12.7,1.1,5.3,7.8,4.7,4.9,5.4,5.2,3.6,12.4,12.4,14.6,9.8,8.8,13.1,8.2,1.2,4.2,7.3,4.0,3.7,3.7,3.9,2.4,15.7,13.4,18.7,15.0,10.0,16.2,6.7,2.5,3.2,5.5,3.2,2.7,3.1,3.0,1.8,15.5,13.6,19.6,13.1,9.3,16.2,6.9,0.8
"CIUDAD DE BUENOS AIRES",-0.1,0.5,-1.0,-1.3,-1.0,-1.1,3.3,3.8,-13.1,7.1,15.2,11.6,7.8,7.4,20.9,-0.1,-0.9,-0.2,-0.8,4.2,0.5,0.6,5.0,-12.7,10.0,15.0,12.6,8.5,9.0,21.9,0.7,1.9,0.8,-0.2,0.8,-0.2,1.2,4.3,-11.5,10.5,11.1,12.1,8.1,8.6,21.2,0.7,2.0,0.7,-0.3,0.3,-0.4,1.7,5.0,-10.2,9.6,13.1,12.2,8.3,8.1,21.9,0.5,0.0,0.4,-0.1,1.7,0.7,1.9,4.3,-10.1,10.7,10.0,10.8,9.1,8.9,15.4,1.0,1.2,2.2,0.6,0.8,0.3,2.0,5.3,-8.8,9.9,13.2,11.1,8.5,7.4,18.7,0.7,1.7,0.3,0.0,0.3,0.3,1.3,4.4,-8.3,8.9,10.8,11.5,7.9,7.4,20.7,97.7,95.7,98.6,99.3,98.9,99.0,95.0,88.0,112.5,81.5,72.9,82.2,82.3,86.1,77.8,97.2,95.6,97.8,98.9,98.2,98.7,93.8,85.8,112.0,77.4,71.9,80.6,81.1,83.7,76.5,96.9,94.6,96.8,98.2,97.0,98.1,96.9,86.2,110.8,76.5,75.7,81.4,81.6,84.6,77.2,96.9,94.4,97.1,98.1,97.3,98.3,96.3,84.4,109.3,75.1,73.2,81.1,81.4,84.7,76.6,97.1,94.8,97.4,98.0,97.8,98.3,96.3,86.5,109.1,76.1,78.0,82.9,81.6,84.5,82.6,96.7,94.7,97.0,97.5,97.4,97.8,96.3,84.8,108.0,75.8,73.7,82.0,81.1,85.5,79.0,97.5,95.5,97.7,98.4,98.1,98.0,97.1,85.7,107.6,76.5,76.4,82.0,82.4,85.8,77.2,2.3,3.7,2.4,2.0,2.1,2.1,1.7,8.3,0.6,11.3,11.8,6.2,9.9,6.5,1.3,2.4,3.8,2.3,2.0,2.0,2.1,2.0,9.2,0.7,12.6,13.1,6.8,10.4,7.3,1.6,2.4,3.5,2.4,2.0,2.2,2.1,2.0,9.5,0.7,13.0,13.2,6.6,10.3,6.8,1.6,2.5,3.6,2.2,2.2,2.4,2.1,2.1,10.6,0.9,15.3,13.8,6.7,10.3,7.2,1.5,2.2,3.3,2.1,2.0,1.9,1.8,1.9,9.2,1.0,13.2,12.0,6.3,9.3,6.5,2.1,2.1,3.1,2.0,1.9,1.8,1.9,1.7,9.9,0.8,14.3,13.2,7.0,10.4,7.1,2.3,1.9,2.8,1.9,1.6,1.6,1.7,1.6,9.9,0.7,14.6,12.7,6.5,9.6,6.9,2.2
"CORDOBA",0.8,1.3,0.2,-0.1,0.4,1.0,1.7,10.2,9.1,9.6,12.4,16.5,15.5,8.9,26.8,0.6,0.2,0.7,1.8,1.9,1.1,1.2,10.5,9.5,9.7,13.0,16.8,15.6,9.7,26.3,0.8,0.8,-0.1,0.0,0.4,1.4,2.1,9.8,9.7,9.8,10.0,14.4,15.2,9.6,18.5,0.8,1.2,0.1,0.0,0.5,1.0,1.8,9.9,7.6,11.2,11.4,14.7,14.4,9.2,21.4,0.0,0.3,0.2,1.3,1.6,0.8,1.1,11.0,9.1,12.5,11.4,14.2,14.7,8.5,20.5,0.1,0.6,1.0,0.1,0.6,1.1,0.5,9.8,7.4,11.9,10.4,14.2,14.1,9.5,19.6,1.0,0.8,-0.1,0.1,0.2,0.9,4.4,8.2,5.2,9.2,11.1,13.9,13.5,6.8,22.5,95.2,91.4,95.6,96.3,95.6,95.6,97.0,77.7,78.9,76.7,77.3,78.0,74.7,86.8,72.8,94.8,91.6,95.4,95.9,95.0,94.7,96.6,76.6,76.5,76.9,76.4,77.7,74.1,86.2,73.1,95.1,91.9,95.8,96.3,95.5,95.1,96.5,75.5,75.3,73.5,77.9,79.0,72.9,85.3,80.9,95.1,91.4,95.5,96.1,95.7,95.5,96.9,74.5,77.4,70.7,75.3,78.3,73.4,85.6,78.0,94.7,91.4,95.2,95.5,95.0,94.9,96.7,74.0,76.4,69.7,76.2,79.4,73.5,87.0,79.2,95.6,92.2,96.0,96.3,95.5,95.6,98.2,75.5,79.0,70.4,77.0,79.5,74.2,85.8,80.0,95.6,93.1,96.5,96.6,96.6,96.3,94.5,79.1,82.9,75.5,78.5,81.0,76.9,89.5,77.2,4.0,7.3,4.2,3.8,4.0,3.4,1.3,12.1,12.0,13.7,10.4,5.4,9.9,4.3,0.4,4.1,7.2,4.0,4.0,4.3,3.5,1.5,12.8,14.0,13.4,10.6,5.5,10.2,4.1,0.6,4.1,7.3,4.2,3.7,4.1,3.5,1.4,14.7,14.9,16.7,12.1,6.6,11.9,5.1,0.6,4.1,7.4,4.3,3.9,3.8,3.4,1.4,15.6,15.0,18.1,13.4,7.0,12.1,5.1,0.6,4.5,7.5,4.8,4.1,4.8,3.8,1.7,15.1,14.4,17.8,12.4,6.4,11.8,4.6,0.3,3.8,6.8,3.8,3.6,3.9,3.3,1.3,14.7,13.6,17.7,12.5,6.2,11.6,4.7,0.4,3.4,6.0,3.6,3.3,3.2,2.8,1.1,12.7,11.8,15.3,10.4,5.2,9.6,3.7,0.4
"CORRIENTES",4.4,4.3,3.5,3.5,5.1,3.5,6.9,9.3,8.0,10.9,9.1,19.5,13.4,23.3,23.8,3.5,3.5,5.1,3.5,6.9,4.4,4.3,9.3,8.0,10.9,9.1,19.5,13.4,23.3,23.8,3.8,3.8,2.2,0.5,6.8,8.5,1.4,2.5,-2.5,-4.1,15.9,16.5,19.2,16.7,11.8,3.1,8.2,2.2,2.0,2.2,3.1,-1.9,10.0,4.2,11.8,14.6,13.6,9.8,16.8,15.2,3.0,2.5,4.3,4.8,0.6,4.1,8.0,6.2,-3.1,13.8,8.0,17.6,17.8,19.9,14.1,4.2,4.5,7.9,2.9,4.4,4.7,2.0,13.7,12.2,14.7,14.5,12.9,15.2,9.9,13.2,3.9,5.9,3.0,2.8,3.5,4.4,3.0,18.0,15.7,19.9,18.9,16.4,18.5,11.9,18.7,83.6,79.4,82.0,82.9,84.0,88.6,87.0,82.8,84.7,81.2,82.3,73.8,76.8,69.8,74.5,83.6,79.4,82.0,82.9,84.0,88.6,87.0,82.8,84.7,81.2,82.3,73.8,76.8,69.8,74.5,81.9,73.1,80.6,86.1,81.6,82.3,91.9,85.0,91.9,89.4,71.9,78.4,74.9,76.9,86.5,82.0,69.8,81.4,83.9,84.6,85.4,93.2,76.9,84.3,72.9,72.8,80.4,82.9,75.3,83.1,82.5,71.2,81.4,84.8,84.5,85.7,92.0,81.2,89.4,72.5,82.1,77.2,75.7,74.2,83.7,81.5,71.2,79.6,84.0,83.0,84.8,90.6,70.9,74.8,67.0,70.1,78.8,73.5,81.7,83.5,82.8,72.4,81.0,85.3,85.0,86.2,90.9,69.9,72.3,66.6,70.9,77.7,72.5,82.2,79.9,12.0,16.3,14.5,13.6,10.9,7.9,6.1,7.9,7.3,8.0,8.7,6.7,9.8,6.9,1.7,12.0,16.3,14.5,13.6,10.9,7.9,6.1,7.9,7.3,8.0,8.7,6.7,9.8,6.9,1.7,14.2,23.1,17.2,13.4,11.7,9.2,6.7,12.5,10.7,14.7,12.2,5.1,5.9,6.5,1.7,14.9,22.0,16.4,14.1,13.2,11.5,8.7,13.1,11.4,15.2,12.6,6.0,7.3,7.9,1.8,13.4,20.7,15.6,12.7,11.2,9.5,7.3,12.6,13.7,13.7,9.9,5.2,6.5,6.0,2.2,13.9,20.9,16.1,13.1,12.6,10.5,7.4,15.5,13.1,18.2,15.4,8.2,11.3,8.4,3.4,13.3,21.7,16.0,11.8,11.5,9.3,6.1,12.0,12.0,13.5,10.2,5.9,9.0,5.9,1.4
"ENTRE RIOS",2.0,2.8,0.8,0.3,2.0,2.7,3.2,9.3,4.1,11.7,13.0,11.7,11.3,9.1,15.3,0.5,1.4,1.9,3.2,3.2,2.3,3.5,11.2,6.9,13.2,14.4,14.2,13.1,10.5,19.7,1.6,2.5,1.1,0.5,1.7,2.4,1.5,12.1,9.6,14.5,12.3,12.8,13.5,10.3,14.7,1.3,1.8,0.2,0.3,1.1,2.5,2.3,13.0,9.6,14.2,16.0,11.9,11.5,8.4,16.5,0.9,1.2,1.8,2.6,2.1,2.0,3.1,12.7,9.8,15.5,12.9,13.1,13.0,11.2,15.5,-0.6,1.4,2.7,0.8,0.8,2.8,2.1,9.8,9.0,11.7,8.6,13.7,13.7,10.6,17.3,1.9,2.3,1.1,1.4,1.4,3.1,2.1,8.2,8.7,15.4,-1.7,17.8,11.3,9.3,36.5,89.0,81.6,90.3,91.7,90.2,89.8,92.1,79.6,86.8,74.2,77.1,83.4,80.5,86.0,84.1,88.8,81.7,90.8,91.0,89.6,89.1,91.8,75.2,81.2,70.5,73.2,79.8,77.0,83.4,79.4,90.3,83.7,91.1,92.1,90.7,91.3,94.0,73.9,78.5,68.3,75.0,81.1,76.9,83.6,84.1,90.8,84.5,92.1,92.9,91.6,91.2,93.3,72.1,77.6,67.5,70.7,82.3,79.4,85.6,82.6,90.5,83.8,91.5,92.2,91.2,91.4,93.9,72.4,76.8,66.6,73.6,79.9,76.4,81.5,83.1,92.4,87.0,94.5,93.5,93.5,92.0,94.6,74.1,76.6,69.2,76.8,79.2,75.2,82.6,80.8,92.5,89.2,93.6,93.0,93.1,91.9,94.6,76.4,77.0,66.2,88.7,75.6,78.0,84.7,61.8,9.0,15.6,9.0,8.0,7.8,7.4,4.7,11.1,9.2,14.1,9.8,5.0,8.2,4.9,0.6,9.0,14.8,8.7,7.6,8.5,7.7,5.1,13.6,11.9,16.3,12.5,6.0,9.9,6.1,0.9,8.1,13.8,7.8,7.3,7.6,6.3,4.6,14.0,11.9,17.2,12.7,6.1,9.6,6.2,1.2,7.9,13.8,7.6,6.8,7.4,6.3,4.5,14.9,12.8,18.4,13.3,5.9,9.2,6.0,0.9,7.5,13.0,7.6,6.6,7.0,5.9,4.0,15.0,13.4,17.9,13.4,7.0,10.6,7.3,1.4,6.1,10.3,6.0,5.6,5.7,5.2,3.3,16.1,14.4,19.1,14.5,7.1,11.1,6.8,1.9,5.6,8.5,5.3,5.6,5.5,5.1,3.4,15.4,14.3,18.4,13.0,6.6,10.7,6.1,1.8
"FORMOSA",4.2,6.1,2.1,1.5,4.0,3.0,8.3,10.5,-1.9,15.3,19.2,18.3,14.4,19.8,22.5,2.4,2.1,4.5,4.4,5.5,4.6,8.0,11.1,0.6,14.1,20.0,14.8,8.8,17.9,18.9,2.7,5.2,1.7,0.7,2.8,2.7,2.5,9.2,-3.8,14.3,17.3,14.6,8.5,15.1,22.2,3.7,6.5,2.4,1.4,3.8,4.1,3.2,7.7,-2.2,12.4,12.8,14.1,12.3,12.1,19.6,2.4,1.4,3.3,3.2,2.1,3.0,5.2,4.6,-12.3,13.2,13.1,16.1,14.1,15.6,20.4,1.0,2.4,3.2,1.5,2.7,2.5,3.6,9.6,4.5,12.8,12.0,13.3,11.7,9.4,20.3,2.3,1.4,1.2,0.6,3.0,3.6,4.1,11.6,5.8,15.0,14.7,14.1,13.2,10.6,20.1,85.0,75.5,86.4,88.6,86.3,89.8,86.7,81.3,98.3,73.7,70.7,77.4,79.2,75.4,77.1,84.3,73.6,85.4,88.1,85.4,87.9,89.1,78.1,95.7,71.7,64.7,79.3,84.2,74.9,78.2,86.1,75.2,85.8,89.8,87.6,89.4,92.0,80.7,98.0,71.5,72.8,80.1,83.6,79.1,76.5,86.3,76.9,86.2,89.2,87.7,89.2,91.6,80.4,94.6,72.4,74.6,80.1,79.1,82.0,79.6,87.8,79.0,87.6,90.0,87.8,90.6,93.4,84.6,103.9,72.9,77.1,77.5,76.6,78.6,77.4,88.2,81.1,88.6,89.7,88.7,90.3,91.8,76.6,82.6,71.7,75.2,79.8,78.2,82.8,78.6,88.8,83.8,88.8,89.9,89.2,90.0,91.8,76.9,80.9,72.9,76.8,80.9,79.1,84.5,78.9,10.8,18.3,11.4,9.9,9.7,7.1,5.0,8.2,3.7,11.0,10.1,4.4,6.3,4.8,0.5,11.1,18.4,12.2,9.8,10.1,7.7,5.4,10.8,3.7,14.1,15.2,6.0,7.0,7.2,2.8,11.2,19.6,12.5,9.6,9.6,7.9,5.5,10.1,5.8,14.2,9.8,5.3,7.9,5.9,1.3,10.0,16.6,11.4,9.4,8.5,6.8,5.3,11.9,7.6,15.2,12.5,5.8,8.6,5.9,0.8,9.2,15.8,10.0,8.6,8.9,6.2,4.5,10.8,8.5,13.9,9.8,6.4,9.3,5.8,2.2,9.4,15.7,10.5,8.8,8.6,7.3,4.7,13.8,12.9,15.5,12.8,7.0,10.1,7.8,1.1,8.9,14.8,10.0,9.5,7.9,6.4,4.2,11.5,13.3,12.1,8.6,5.0,7.8,4.9,1.0
"JUJUY",0.9,1.0,-0.2,0.2,0.7,0.9,3.2,11.5,-4.1,16.5,21.0,18.5,12.3,14.9,32.4,1.1,0.6,1.2,1.4,4.1,1.6,1.5,13.4,2.1,15.6,23.1,21.6,15.5,16.3,36.6,1.3,1.3,0.8,1.0,1.4,1.7,1.9,11.0,2.1,14.3,16.5,16.8,13.4,11.8,27.8,0.7,1.5,0.7,0.5,0.4,0.8,0.5,8.6,1.8,11.1,13.2,16.1,12.1,9.7,29.9,0.1,0.5,0.4,0.8,1.6,0.7,0.6,9.1,1.7,12.8,12.5,14.3,10.0,8.8,28.4,0.3,0.9,1.3,0.5,1.0,1.2,1.1,9.4,-2.4,14.5,15.6,14.9,10.5,8.5,29.9,0.7,1.5,-0.5,0.0,0.6,0.6,2.1,10.6,-2.3,13.7,20.0,16.6,13.6,9.1,30.0,93.4,90.2,94.3,94.4,94.3,94.4,92.9,78.7,102.2,72.0,63.3,71.3,73.2,74.6,64.4,93.9,92.1,94.0,95.1,94.0,95.0,93.1,75.9,96.1,70.5,60.3,66.5,67.9,70.6,59.5,94.7,92.6,94.9,95.3,95.3,94.7,95.2,78.6,95.5,71.3,68.9,71.5,70.7,76.1,67.0,96.2,92.7,95.6,96.3,97.3,97.2,98.0,79.7,96.2,72.1,70.8,73.3,73.7,78.2,66.7,96.3,93.9,96.5,96.7,96.9,96.9,96.7,79.7,96.7,71.7,70.9,75.0,75.3,80.0,68.0,96.2,93.2,96.4,96.9,96.3,97.1,97.0,80.1,100.8,71.4,68.9,76.3,76.0,83.1,67.9,96.2,93.5,97.2,97.2,96.2,97.0,95.8,79.5,100.7,72.6,66.4,75.0,74.7,81.8,67.3,5.7,8.8,6.0,5.4,5.1,4.7,3.9,9.9,1.9,11.5,15.7,10.1,14.5,10.6,3.1,4.5,6.4,4.9,4.3,4.8,3.6,2.8,10.7,1.8,13.9,16.5,11.9,16.5,13.1,3.9,4.0,6.2,4.3,3.7,3.3,3.6,2.9,10.4,2.4,14.4,14.5,11.7,15.8,12.1,5.1,3.1,5.8,3.7,3.2,2.3,2.0,1.5,11.6,1.9,16.8,16.0,10.6,14.3,12.1,3.3,3.1,5.5,3.4,2.8,2.7,2.2,1.7,11.2,1.6,15.5,16.6,10.7,14.7,11.2,3.6,2.9,5.5,3.3,2.6,2.7,1.7,1.9,10.5,1.6,14.0,15.5,8.8,13.6,8.4,2.1,3.1,5.1,3.3,2.8,3.2,2.5,2.1,9.9,1.5,13.8,13.7,8.4,11.6,9.2,2.7
"LA PAMPA",0.6,0.2,-0.3,-0.4,0.6,1.6,1.7,8.0,6.0,8.5,10.0,16.1,16.5,11.0,21.7,0.8,0.0,0.5,1.6,1.2,0.9,1.3,10.5,8.0,10.9,13.1,17.5,14.0,12.0,28.9,0.5,0.7,-0.6,-0.2,0.6,1.9,0.7,10.8,7.4,12.7,12.5,16.8,15.8,12.2,24.2,0.4,0.5,-0.8,0.1,0.4,1.3,0.6,11.1,6.1,14.1,13.3,18.2,16.9,11.2,28.9,0.0,0.0,-0.4,1.3,0.3,0.2,0.1,12.0,7.7,13.2,15.8,15.7,14.0,10.6,24.9,-0.4,0.0,-0.7,-0.6,0.5,0.3,0.7,11.7,6.7,15.1,13.8,15.8,12.7,13.3,24.0,0.2,0.1,-0.4,0.1,0.2,0.9,0.3,9.7,6.0,10.3,14.3,17.3,15.7,12.2,26.4,94.1,91.6,95.5,94.8,94.5,93.7,94.8,82.6,87.1,78.7,81.7,75.8,72.1,79.1,77.0,93.6,90.6,94.4,94.4,94.3,92.6,94.9,76.2,82.2,71.2,74.6,72.5,71.6,76.4,69.4,93.9,90.2,95.7,94.9,93.9,92.9,95.6,77.0,83.1,71.6,76.5,74.1,71.4,76.9,74.8,93.7,90.1,95.7,93.8,94.7,92.6,95.7,74.7,83.2,67.6,73.3,71.5,68.7,76.2,69.9,93.8,90.0,95.0,94.2,94.4,93.6,95.9,74.8,81.0,69.6,73.3,74.4,71.7,78.1,74.0,94.9,91.5,95.5,95.7,94.6,95.3,97.0,74.1,80.9,66.0,75.5,74.4,72.9,76.2,74.5,95.9,92.7,97.2,95.8,96.4,96.3,97.6,76.3,81.5,71.3,75.8,74.1,71.2,78.6,73.1,5.3,8.2,4.8,5.5,4.9,4.7,3.5,9.3,6.9,12.8,8.3,8.1,11.5,9.9,1.3,5.5,8.1,4.8,5.6,5.2,5.8,3.9,13.3,9.8,17.8,12.2,10.0,14.4,11.6,1.7,5.6,9.0,4.9,5.3,5.5,5.2,3.7,12.2,9.5,15.7,10.9,9.1,12.8,10.9,1.0,5.9,9.4,5.1,6.1,4.8,6.0,3.7,14.3,10.6,18.4,13.5,10.4,14.4,12.6,1.3,5.9,9.9,5.0,5.8,5.9,5.1,3.9,13.2,11.2,17.2,10.8,10.0,14.3,11.3,1.2,5.1,9.2,4.9,4.9,4.8,4.5,2.3,14.3,12.5,18.9,10.7,9.8,14.4,10.5,1.5,3.9,7.2,3.1,4.1,3.4,2.8,2.1,14.0,12.6,18.5,9.9,8.5,13.1,9.2,0.5
"LA RIOJA",3.0,3.2,2.1,2.4,2.9,2.1,5.3,9.9,6.4,7.8,17.1,16.7,12.7,12.1,27.1,0.2,0.4,0.8,1.0,3.8,1.5,2.6,10.0,5.1,7.9,19.2,14.9,12.4,12.5,20.9,1.1,3.4,-0.1,-0.6,0.2,2.3,1.5,9.5,8.1,10.1,10.7,8.7,5.7,4.2,17.7,1.9,3.9,0.1,1.5,2.7,2.1,1.2,9.3,5.6,11.3,12.0,12.8,12.6,13.6,12.0,0.7,-0.7,0.4,0.5,0.5,0.9,3.8,13.4,12.0,16.3,11.8,15.7,17.5,12.4,17.0,0.8,2.0,3.2,1.1,3.1,1.7,1.8,10.0,7.2,10.5,13.5,9.8,10.4,4.3,15.2,3.8,6.3,2.1,4.9,4.2,3.5,1.8,5.9,4.7,6.4,6.7,7.6,9.1,6.0,7.4,89.0,84.7,90.1,88.7,88.9,91.9,90.2,81.1,85.2,82.0,74.4,79.4,81.8,83.6,71.7,90.6,84.6,92.0,91.2,91.9,92.9,91.8,81.4,85.7,82.9,73.9,83.1,84.4,85.3,78.8,91.9,85.3,93.3,93.1,92.9,92.5,94.5,80.1,81.3,77.9,81.1,86.3,86.6,90.3,81.5,93.1,89.2,95.0,93.0,92.4,94.1,95.3,79.7,82.9,75.9,79.9,81.6,79.4,81.4,85.3,92.7,86.2,91.9,93.7,93.6,94.8,96.6,74.9,75.7,70.4,79.4,79.6,75.2,83.4,81.8,92.8,87.9,93.6,93.5,91.7,95.0,95.5,80.4,82.6,78.7,79.5,85.3,81.0,91.6,84.4,90.8,85.8,91.7,89.8,90.8,92.2,95.1,84.0,84.8,81.3,86.3,89.2,85.3,91.3,92.2,8.1,12.1,7.8,8.9,8.2,6.0,4.4,9.0,8.4,10.1,8.6,3.9,5.5,4.3,1.2,7.9,12.8,7.7,8.3,7.3,6.0,4.4,8.5,9.2,9.2,6.9,2.0,3.2,2.1,0.3,7.0,11.3,6.8,7.5,6.9,5.2,4.0,10.4,10.6,11.9,8.2,5.0,7.7,5.5,0.7,5.0,6.9,4.9,5.6,4.9,3.8,3.5,11.0,11.5,12.8,8.1,5.6,8.0,5.0,2.7,6.4,10.0,7.5,7.0,6.0,4.7,2.9,11.7,12.3,13.3,8.7,4.7,7.3,4.2,1.3,5.2,8.9,5.5,5.4,5.2,3.3,2.7,9.5,10.2,10.8,6.9,4.9,8.6,4.1,0.4,5.3,7.8,6.2,5.3,5.0,4.3,3.0,10.1,10.5,12.3,7.0,3.2,5.6,2.7,0.4
"MENDOZA",1.3,2.5,0.3,0.8,1.3,1.6,1.0,8.9,-1.9,12.2,16.4,16.7,15.7,9.6,26.1,0.2,0.9,0.8,2.5,1.0,1.2,2.0,11.3,-1.1,16.0,19.2,19.1,18.7,11.0,28.6,1.6,2.7,0.9,0.2,2.5,2.5,0.7,10.5,0.3,15.4,15.5,18.4,16.4,10.9,29.5,1.4,2.5,0.9,1.0,2.0,1.9,-0.1,11.3,-2.3,19.7,14.9,17.4,16.9,9.4,27.4,1.2,1.1,2.6,1.9,-1.8,1.4,3.4,10.3,-2.2,16.6,16.1,17.7,18.4,9.5,26.3,0.9,1.1,3.3,0.3,0.8,2.3,-1.2,9.7,-1.0,15.6,14.1,18.5,18.3,10.1,29.0,1.1,2.2,1.0,-1.0,1.9,2.0,0.2,9.3,-0.7,16.3,11.0,19.1,19.1,9.3,30.6,91.2,86.0,92.0,91.9,91.5,92.4,93.6,79.7,98.9,72.3,68.1,76.9,72.4,86.0,72.9,92.4,87.7,93.2,93.6,93.5,92.3,94.3,77.2,98.5,68.4,64.8,73.8,69.1,82.9,70.3,91.1,86.8,92.0,93.1,90.8,90.9,93.5,76.3,96.3,64.8,69.2,73.8,70.1,82.7,69.1,91.2,86.9,91.6,92.4,90.5,91.8,94.4,77.9,99.0,65.8,71.4,75.2,70.6,85.3,70.8,90.4,85.8,91.0,91.7,89.4,90.3,95.0,78.3,96.9,68.2,70.5,74.8,69.4,85.0,71.8,92.4,87.5,92.4,94.0,92.8,92.2,95.8,78.8,97.2,68.7,71.1,73.2,67.4,84.5,69.4,94.1,90.0,93.9,96.8,94.0,93.8,96.3,78.6,98.5,67.2,72.0,71.6,65.9,83.5,67.3,7.6,11.5,7.7,7.3,7.2,6.0,5.4,11.4,2.9,15.6,15.5,6.5,11.9,4.4,1.0,6.4,10.2,6.7,5.5,5.7,5.2,4.7,11.5,2.7,15.6,16.0,7.2,12.3,6.1,1.1,7.2,10.5,7.0,6.7,6.7,6.5,5.8,13.2,3.4,19.8,15.3,7.8,13.5,6.3,1.4,7.4,10.6,7.5,6.7,7.5,6.3,5.7,10.8,3.3,14.6,13.8,7.4,12.5,5.3,1.8,8.1,10.8,7.8,7.3,8.1,7.9,6.8,11.4,5.3,15.1,13.5,7.5,12.1,5.6,2.0,6.5,9.2,6.6,5.7,6.4,5.6,5.5,11.5,3.8,15.7,14.9,8.3,14.3,5.5,1.6,4.8,7.7,5.0,4.2,4.2,4.2,3.6,12.1,2.2,16.5,17.1,9.3,15.1,7.2,2.1
"MISIONES",5.5,6.7,4.1,4.4,4.5,6.3,7.3,12.9,8.1,12.9,19.6,18.6,19.5,11.7,25.3,2.6,2.6,3.9,5.9,4.6,4.2,5.7,12.4,8.9,11.8,17.9,16.0,13.8,12.8,22.7,3.3,3.5,2.0,2.3,3.4,5.1,4.0,12.2,9.6,12.5,15.3,15.5,15.6,12.8,18.6,4.3,5.6,3.0,3.4,4.4,5.9,3.4,13.0,9.8,15.1,14.7,16.1,16.5,13.1,19.2,3.4,3.4,4.9,6.2,4.0,4.5,4.9,13.8,13.1,15.6,12.5,16.9,20.2,13.1,16.0,2.3,3.2,3.7,1.5,3.7,3.9,4.6,14.6,12.6,17.0,14.7,18.4,21.0,12.2,21.7,3.1,3.4,1.6,1.4,3.1,3.6,5.8,10.6,4.4,17.4,10.0,16.7,20.1,10.5,18.4,83.6,76.5,84.5,85.9,85.2,85.6,86.6,76.2,83.0,75.1,68.4,76.4,72.3,83.3,74.5,86.4,80.7,87.6,88.8,86.7,86.6,89.9,76.6,81.6,75.9,70.8,79.4,79.1,81.8,76.9,87.8,84.0,88.5,89.1,87.6,87.5,91.1,76.3,80.2,74.1,73.6,79.7,77.2,81.9,81.0,88.3,83.1,88.9,89.5,88.7,88.2,92.6,75.8,79.7,71.6,75.7,79.3,76.6,82.0,80.3,87.8,83.6,88.0,88.8,87.6,88.0,91.8,75.6,77.2,71.9,78.1,77.6,71.1,81.7,83.3,89.4,84.8,89.8,91.1,89.2,90.6,91.1,78.0,83.4,72.2,76.9,76.2,69.7,83.5,77.9,89.2,85.0,89.9,91.0,89.6,90.2,89.6,81.2,92.2,70.1,81.3,78.3,71.9,85.4,80.4,10.9,16.9,11.3,9.7,10.2,8.1,6.2,10.9,9.0,12.0,12.1,5.0,8.3,5.1,0.2,9.4,13.6,9.8,8.6,9.3,7.6,5.4,10.9,9.5,12.3,11.3,4.6,7.1,5.3,0.4,8.9,12.5,9.5,8.6,9.0,7.4,4.9,11.5,10.2,13.4,11.0,4.7,7.2,5.3,0.4,7.4,11.2,8.1,7.1,7.0,5.9,4.0,11.2,10.5,13.2,9.6,4.6,6.8,5.0,0.5,7.7,11.5,8.5,7.9,7.5,5.8,4.2,10.6,9.8,12.5,9.5,5.5,8.6,5.2,0.7,7.4,11.5,7.9,7.4,7.1,5.6,4.3,7.4,4.0,10.8,8.4,5.4,9.3,4.4,0.4,7.7,11.6,8.5,7.6,7.3,6.2,4.5,8.1,3.4,12.5,8.7,5.0,7.9,4.1,1.2
"NEUQUEN",0.6,1.3,-1.1,-0.1,-0.1,1.2,2.4,9.0,-0.6,13.0,14.6,12.2,9.4,7.4,22.4,-0.9,-0.9,0.2,1.3,0.9,0.2,0.7,9.7,-1.9,14.3,16.7,13.4,10.6,9.1,22.9,1.8,1.6,0.7,0.9,2.1,3.0,2.5,11.3,1.0,16.7,14.8,15.0,14.3,11.4,20.4,-0.1,-0.4,-0.8,-0.9,-0.7,1.5,0.9,11.3,-1.5,17.6,16.1,14.4,12.0,11.3,21.8,1.4,1.4,1.5,3.2,2.5,1.9,1.3,12.1,-0.5,19.7,14.7,14.9,12.4,14.9,19.0,-0.5,0.6,0.7,0.2,-0.7,0.5,3.2,10.9,-4.3,17.8,17.0,10.9,10.5,9.8,12.7,1.4,1.5,0.1,1.8,0.8,2.5,1.7,10.2,2.1,16.7,10.1,9.9,8.1,8.1,14.8,93.0,91.3,94.4,93.8,93.8,91.9,92.7,77.3,98.5,68.3,65.2,78.2,75.7,83.9,75.1,93.4,91.9,94.8,94.4,93.6,91.8,93.8,76.7,99.5,66.7,64.3,76.8,73.9,82.0,75.0,92.0,91.3,93.4,92.9,91.9,90.5,92.3,71.5,96.6,59.0,62.3,73.4,67.9,77.9,76.4,93.5,92.9,94.6,94.1,94.0,91.2,94.1,71.6,99.2,58.6,60.5,74.4,71.1,78.5,74.8,91.9,91.5,92.6,92.0,92.7,91.0,91.8,72.0,98.3,57.8,64.5,74.9,71.6,76.6,78.0,93.3,92.0,94.8,93.7,95.0,92.8,91.3,72.8,102.3,59.7,61.0,77.8,71.9,80.6,83.4,93.7,93.2,95.3,93.5,94.7,91.6,94.2,74.0,96.3,61.2,67.6,78.0,74.2,81.2,79.8,6.4,7.5,6.7,6.3,6.2,6.9,5.0,13.7,2.1,18.6,20.3,9.5,14.9,8.7,2.5,6.4,7.5,6.1,6.6,6.2,6.9,5.3,13.6,2.4,19.0,19.0,9.8,15.6,8.9,2.1,6.1,7.1,5.9,6.1,6.0,6.5,5.1,17.2,2.4,24.2,22.9,11.6,17.8,10.7,3.2,6.6,7.6,6.3,6.8,6.7,7.2,5.0,17.1,2.3,23.8,23.4,11.2,16.9,10.2,3.4,6.2,7.1,6.0,6.6,5.8,5.8,5.8,15.9,2.1,22.5,20.8,10.1,16.1,8.5,3.0,6.1,7.3,5.6,6.2,5.7,6.7,5.5,16.3,2.0,22.5,22.0,11.4,17.6,9.6,3.9,4.9,5.4,4.6,4.7,4.6,6.0,4.2,15.8,1.7,22.1,22.3,12.1,17.7,10.7,5.4
"RIO NEGRO",0.9,0.7,-0.5,0.3,0.2,1.1,3.8,12.4,4.4,16.9,16.1,17.6,12.0,10.9,34.7,-0.2,-0.5,0.4,0.4,3.1,0.6,0.5,12.9,3.3,17.5,18.1,17.4,10.6,11.9,34.5,0.7,0.9,0.1,-0.5,0.2,1.0,2.8,13.0,4.3,18.4,15.5,17.9,12.3,12.7,32.7,0.7,0.7,-0.2,-1.1,0.5,1.2,2.9,13.0,2.9,19.5,15.2,16.2,10.6,12.7,29.2,-0.2,-0.7,0.2,1.1,2.1,0.7,1.5,12.5,2.2,19.2,14.9,11.7,10.1,10.7,15.5,0.0,0.8,0.2,0.8,0.3,1.6,2.1,12.4,2.5,17.7,16.2,15.3,10.4,10.6,28.7,0.4,0.7,0.1,-0.2,-0.2,0.1,2.0,9.8,1.8,14.3,12.6,14.2,9.3,10.2,26.9,91.9,88.1,94.2,94.3,93.3,92.0,89.9,74.0,93.7,62.5,65.4,73.6,75.2,78.6,64.6,92.5,89.4,94.3,94.9,93.2,91.8,91.3,71.8,94.6,59.5,61.9,72.8,74.6,77.2,64.6,92.3,88.9,93.9,94.8,93.0,92.1,91.2,72.1,93.5,58.9,66.1,72.9,74.0,77.2,66.0,92.4,89.7,94.1,95.2,92.8,91.7,91.1,71.1,94.9,56.8,64.0,73.7,74.6,76.3,69.3,92.9,88.9,94.6,95.4,93.3,92.7,92.4,71.9,95.1,58.1,64.8,78.4,74.9,79.3,82.9,94.8,91.9,95.9,96.1,95.6,94.5,94.6,72.7,96.1,60.2,63.4,75.1,75.3,79.1,70.0,96.4,93.5,96.5,97.7,97.7,97.5,95.7,79.0,97.2,68.7,72.5,79.1,80.6,82.9,72.2,7.2,11.2,6.3,5.5,6.5,6.9,6.3,13.6,1.9,20.6,18.6,8.9,12.8,10.5,0.7,6.9,10.2,5.9,5.6,6.4,7.7,5.6,15.2,2.1,23.0,20.0,9.8,14.8,11.0,0.9,6.9,10.2,6.0,5.7,6.8,6.8,6.0,14.9,2.2,22.7,18.4,9.2,13.7,10.1,1.2,6.9,9.6,6.1,6.0,6.7,7.1,6.0,15.9,2.2,23.6,20.7,10.1,14.8,11.0,1.5,6.5,9.6,5.6,5.3,6.5,6.2,5.5,15.6,2.7,22.8,20.3,9.9,15.0,10.0,1.5,4.4,7.9,4.0,3.2,4.1,3.9,3.3,14.9,1.3,22.1,20.4,9.5,14.3,10.3,1.3,3.2,5.9,3.4,2.6,2.5,2.4,2.4,11.2,1.0,17.0,14.9,6.6,10.1,6.9,1.0
"SALTA",2.0,2.5,0.7,1.0,1.2,2.7,4.2,7.1,-6.2,10.2,17.5,20.0,20.4,12.8,28.0,1.2,1.1,1.9,2.9,2.9,2.1,2.6,7.0,-4.8,10.4,15.6,16.4,8.5,12.7,30.0,2.1,2.6,1.7,0.9,1.8,2.8,2.8,4.6,-13.1,11.9,15.1,17.2,10.9,14.1,29.1,2.1,2.5,1.8,0.6,2.1,2.2,3.2,6.9,-9.7,16.4,10.6,18.0,14.5,15.1,27.3,1.5,1.4,1.8,2.8,2.7,2.2,2.8,5.0,-18.4,8.8,22.2,24.9,32.4,12.5,25.3,0.8,1.5,1.4,0.6,0.9,2.3,3.0,8.2,-2.8,13.9,13.6,17.8,17.8,10.2,27.1,1.5,1.9,0.9,0.6,0.9,2.3,2.3,12.0,7.5,16.3,11.8,16.2,15.1,8.7,27.1,91.2,86.6,91.4,92.9,92.5,92.1,92.3,84.9,104.2,81.0,69.5,75.6,74.3,80.9,71.1,91.2,87.1,91.4,92.5,91.9,91.9,93.2,83.8,102.2,78.8,70.2,77.9,83.7,80.3,68.3,90.7,86.5,90.3,92.4,91.3,91.5,92.7,85.4,109.9,74.2,72.3,74.9,78.5,76.0,68.8,90.4,86.1,90.5,92.6,90.4,91.4,91.7,81.9,104.6,71.2,73.8,71.2,69.6,75.0,68.9,90.7,86.4,90.9,92.2,91.2,91.5,92.5,83.4,111.3,75.8,66.1,67.7,57.8,80.3,72.1,91.7,88.0,91.7,93.2,92.8,92.2,92.7,79.2,95.6,69.5,72.9,74.5,70.9,82.3,70.9,91.9,87.8,91.9,93.4,93.0,92.5,92.9,75.6,86.2,67.8,73.3,75.5,72.0,83.5,71.3,6.8,11.0,7.9,6.0,6.3,5.2,3.5,7.9,2.0,8.9,13.0,4.4,5.3,6.3,0.9,6.7,10.3,7.4,6.4,6.2,5.1,4.0,9.1,2.6,10.7,14.2,5.7,7.8,7.0,1.7,7.2,10.9,7.9,6.6,6.9,5.7,4.6,10.0,3.2,13.9,12.6,7.9,10.6,9.9,2.1,7.6,11.3,7.8,6.8,7.6,6.4,5.0,11.2,5.1,12.4,15.7,10.9,15.9,9.8,3.9,7.1,10.7,7.6,6.4,7.0,5.6,4.7,11.6,7.1,15.4,11.7,7.4,9.8,7.2,2.6,6.8,10.6,7.5,6.2,6.3,5.4,4.2,12.6,7.2,16.6,13.5,7.7,11.3,7.5,2.0,6.7,10.3,7.1,6.0,6.1,5.2,4.8,12.4,6.3,15.9,14.8,8.3,12.9,7.8,1.6
"SAN JUAN",3.5,6.1,2.1,1.6,2.7,4.0,3.9,10.6,5.3,13.8,13.3,18.4,17.2,12.9,27.0,2.1,1.6,2.7,4.0,3.9,3.5,6.1,10.6,5.3,13.8,13.3,18.4,17.2,12.9,27.0,3.5,6.1,2.1,1.6,2.7,4.0,3.9,10.6,5.3,13.8,13.3,18.4,17.2,12.9,27.0,2.9,3.2,2.4,2.0,3.2,4.3,2.5,13.4,8.8,15.2,17.1,18.3,16.9,11.1,29.0,2.5,1.7,0.3,5.4,1.6,2.8,5.2,9.1,3.3,12.2,12.7,13.8,15.4,14.1,10.8,2.9,2.0,3.5,0.1,0.7,3.5,1.0,12.3,6.1,15.2,17.0,15.6,14.6,9.9,24.6,3.3,5.0,3.3,0.5,2.7,4.2,4.1,11.1,6.6,12.8,14.9,17.7,19.4,12.6,21.1,88.5,81.0,89.0,91.4,89.5,89.7,92.1,79.4,86.7,72.3,78.7,76.0,72.9,82.8,72.5,88.5,81.0,89.0,91.4,89.5,89.7,92.1,79.4,86.7,72.3,78.7,76.0,72.9,82.8,72.5,88.5,81.0,89.0,91.4,89.5,89.7,92.1,79.4,86.7,72.3,78.7,76.0,72.9,82.8,72.5,88.4,82.2,88.9,90.5,89.0,88.4,93.4,73.5,80.5,67.9,71.4,74.6,71.6,82.0,70.6,89.0,81.2,88.7,91.1,92.2,88.3,94.8,76.4,84.7,69.4,74.4,79.1,73.4,79.2,88.0,91.4,85.9,90.2,93.7,92.8,91.4,95.9,75.0,83.6,68.8,71.5,76.9,73.6,83.3,74.3,92.8,87.8,92.5,96.1,93.4,93.1,94.5,79.9,85.8,76.2,76.7,78.3,74.7,83.1,77.9,8.1,12.9,8.9,7.0,7.8,6.3,4.0,10.1,8.0,13.9,8.0,5.6,9.9,4.3,0.5,8.1,12.9,8.9,7.0,7.8,6.3,4.0,10.1,8.0,13.9,8.0,5.6,9.9,4.3,0.5,8.1,12.9,8.9,7.0,7.8,6.3,4.0,10.1,8.0,13.9,8.0,5.6,9.9,4.3,0.5,8.6,14.6,8.8,7.5,7.8,7.3,4.1,13.1,10.7,16.9,11.4,7.0,11.6,6.9,0.5,8.1,13.6,8.8,7.2,7.5,6.4,3.6,14.5,12.0,18.4,12.9,7.1,11.1,6.7,1.2,6.6,10.6,6.9,6.1,6.5,5.1,3.1,12.7,10.2,16.0,11.6,7.5,11.9,6.8,1.1,3.9,7.2,4.2,3.4,3.9,2.7,1.5,9.0,7.6,10.9,8.3,4.1,5.9,4.3,1.1
"SAN LUIS",3.3,4.8,2.0,0.3,1.6,5.1,6.0,9.8,6.9,9.7,13.8,18.9,14.5,11.8,33.5,3.0,-0.5,4.0,4.3,3.2,3.6,6.9,9.5,7.1,11.5,10.3,17.2,15.0,16.7,21.0,2.1,5.3,1.7,-0.2,2.5,1.7,0.7,9.9,6.4,11.8,12.0,14.5,13.9,12.4,17.9,2.2,7.7,1.9,-1.2,0.7,3.0,-0.2,7.3,7.0,9.8,4.5,15.1,16.0,14.7,14.5,1.0,-1.1,2.7,2.0,3.4,2.4,5.9,11.4,9.2,17.4,7.1,14.4,16.8,13.6,11.6,2.9,3.5,6.3,0.1,2.8,2.7,6.0,-0.3,6.3,13.0,-27.0,12.4,12.8,10.4,14.0,2.0,6.5,1.4,-1.8,2.1,2.7,0.3,9.2,8.8,11.5,7.0,17.6,20.5,13.2,18.2,87.3,81.8,88.4,91.8,88.9,86.7,87.2,81.7,85.4,81.6,77.1,78.2,80.9,85.0,66.2,87.1,79.1,87.5,92.8,87.3,87.3,90.1,79.6,83.3,76.7,78.5,78.5,78.9,78.0,78.6,88.2,82.0,89.4,91.9,87.2,88.3,92.0,77.1,81.2,73.9,75.7,79.0,75.7,81.4,81.1,88.6,80.2,89.8,93.2,89.5,88.0,92.6,79.4,80.0,75.3,83.6,79.2,76.1,79.2,84.1,89.4,82.3,91.2,94.1,88.3,90.8,90.5,76.7,79.0,69.2,82.7,79.4,74.1,80.4,86.7,88.1,82.2,89.6,92.6,87.9,88.8,88.4,85.6,78.5,71.3,114.3,80.7,75.7,83.2,85.4,90.3,82.9,92.1,96.3,90.2,88.8,93.3,77.5,77.3,73.6,82.8,77.2,70.7,82.0,81.7,9.4,13.4,9.6,7.8,9.5,8.2,6.8,8.4,7.7,8.7,9.1,2.9,4.6,3.2,0.2,9.4,14.0,9.5,7.7,8.7,8.4,6.7,10.8,9.6,11.8,11.2,4.3,6.1,5.3,0.5,9.7,12.7,8.9,8.3,10.2,9.9,7.4,13.0,12.4,14.3,12.3,6.5,10.4,6.2,1.0,9.3,12.1,8.3,8.1,9.9,9.0,7.5,13.3,13.0,14.9,11.8,5.6,8.0,6.2,1.4,8.3,11.8,7.8,7.1,9.0,7.2,6.1,11.9,11.8,13.4,10.2,6.2,9.1,6.0,1.8,8.3,11.5,7.5,7.3,9.3,8.4,5.6,14.7,15.2,15.7,12.7,6.9,11.5,6.4,0.5,7.7,10.6,6.5,5.5,7.7,8.6,6.4,13.3,13.9,15.0,10.1,5.3,8.8,4.8,0.1
"SANTA CRUZ",0.0,-0.6,-1.7,-1.5,-1.3,0.8,4.5,9.8,10.0,9.5,10.0,15.6,10.6,9.6,28.9,-1.7,-1.7,-0.5,0.6,4.2,-0.1,-1.3,9.0,7.8,11.0,8.4,16.2,11.4,11.1,29.5,-0.4,-1.7,-2.3,-0.5,-1.6,0.9,3.0,9.5,8.9,10.5,9.2,17.5,14.0,13.4,28.1,-1.0,-2.5,-3.1,-2.7,-2.0,0.3,4.0,10.5,10.8,11.5,8.5,17.1,15.6,11.7,26.7,-3.0,-3.7,-3.2,-0.6,3.9,-1.6,-2.9,10.9,10.1,12.8,9.8,17.2,16.2,12.9,24.0,-2.7,-0.7,-1.4,-3.2,-1.5,1.0,3.3,10.7,10.0,11.3,11.1,15.0,13.4,10.5,23.7,0.3,0.2,-1.3,-1.6,-0.8,2.6,2.4,9.5,9.0,11.0,8.3,16.1,13.8,11.6,25.6,88.7,89.8,93.9,92.5,89.1,85.1,81.9,71.9,69.6,69.6,78.2,75.2,76.9,77.7,70.0,88.6,89.2,94.3,94.1,88.6,84.2,81.0,70.1,67.5,65.6,80.1,73.7,75.4,76.6,67.8,88.8,89.7,95.0,91.7,88.8,84.1,83.6,66.7,61.4,64.6,78.1,71.1,69.9,73.8,69.5,90.5,90.3,96.8,93.9,90.6,87.0,84.5,67.8,61.8,66.5,80.1,70.6,66.4,76.7,69.6,91.9,91.6,96.9,96.4,92.7,89.1,85.1,68.6,63.7,66.7,80.3,72.7,68.8,77.2,73.8,91.8,91.5,96.4,96.6,92.3,87.5,86.8,69.0,65.4,67.7,77.7,73.3,69.3,78.3,73.7,92.7,93.0,95.7,96.1,93.9,88.7,88.8,72.5,69.2,70.4,81.3,74.1,71.5,79.4,71.7,11.3,10.8,7.8,9.0,12.2,14.1,13.6,18.3,20.5,20.9,11.8,9.3,12.6,12.6,1.1,11.5,12.1,7.4,7.6,11.9,15.2,14.8,20.8,24.8,23.4,11.5,10.1,13.2,12.3,2.8,11.6,12.0,7.3,8.7,12.8,15.0,13.3,23.8,29.7,24.9,12.6,11.5,16.1,12.7,2.4,10.5,12.2,6.3,8.7,11.4,12.7,11.6,21.7,27.4,21.9,11.4,12.3,18.0,11.6,3.7,9.7,11.4,6.0,7.4,10.6,11.5,11.1,20.4,26.2,20.5,9.9,10.1,15.0,9.9,2.1,8.9,9.8,6.3,6.7,9.1,11.6,9.9,20.3,24.6,21.0,11.2,11.7,17.3,11.2,2.6,7.0,6.8,5.5,5.5,6.8,8.7,8.8,18.0,21.8,18.6,10.4,9.8,14.7,9.0,2.7
"SANTA FE",1.4,2.2,-0.1,0.1,1.4,1.5,3.2,7.1,-3.8,12.4,12.5,16.5,18.7,12.2,18.4,0.3,1.3,2.0,1.8,4.2,1.9,2.1,8.1,-1.6,12.7,13.0,20.3,20.9,15.7,24.6,1.2,2.0,0.2,0.6,0.9,2.2,1.5,8.4,-1.6,13.0,13.3,19.7,21.1,13.2,25.0,1.7,1.8,0.7,0.9,1.9,2.7,2.4,10.3,-1.6,16.2,15.6,20.6,23.6,14.1,22.9,2.5,0.0,1.3,1.0,2.0,0.9,-1.6,10.7,-0.2,17.1,14.5,19.9,24.5,11.7,21.7,2.0,1.7,1.1,1.0,1.5,1.9,3.0,8.6,-1.9,14.3,13.0,16.8,17.9,9.3,23.5,2.9,2.5,1.1,1.3,2.2,2.8,7.5,9.1,-3.1,14.8,15.0,13.9,19.3,14.9,3.0,92.3,87.6,93.5,93.5,92.8,93.8,93.2,84.1,100.6,75.0,77.1,77.7,71.4,82.6,81.2,91.2,87.3,92.3,92.2,91.6,92.6,91.3,83.4,98.5,75.0,77.4,72.4,66.8,77.4,74.9,92.1,87.2,93.0,93.0,92.8,92.6,94.1,81.0,97.8,72.2,74.2,71.3,63.1,80.3,74.5,93.9,96.6,93.5,93.9,92.8,92.7,93.7,79.6,98.4,69.6,72.2,70.8,61.9,79.5,76.5,95.0,99.2,91.8,95.8,94.0,95.0,94.7,79.1,97.4,68.4,73.0,71.3,60.9,82.3,76.6,93.6,92.9,91.6,94.1,94.2,94.7,94.4,80.5,99.5,69.6,73.4,73.8,65.3,84.3,75.9,93.3,91.2,94.5,94.6,94.3,94.8,90.6,78.6,101.9,67.3,67.8,78.0,66.9,79.6,96.3,6.3,10.2,6.7,6.4,5.8,4.7,3.6,8.8,3.2,12.6,10.3,5.7,9.9,5.2,0.4,6.9,10.6,7.4,6.6,6.4,5.6,4.4,8.5,3.2,12.3,9.7,7.3,12.2,6.9,0.5,6.7,10.8,6.9,6.5,6.2,5.2,4.4,10.6,3.8,14.8,12.6,9.0,15.7,6.5,0.5,4.4,1.7,5.8,5.2,5.3,4.6,3.9,10.1,3.2,14.3,12.3,8.5,14.5,6.3,0.6,4.1,2.4,5.7,4.2,4.7,4.0,3.3,10.1,2.8,14.5,12.5,8.8,14.6,5.9,1.7,4.6,6.1,6.4,4.9,4.3,3.4,2.6,10.9,2.3,16.1,13.7,9.4,16.8,6.3,0.6,3.8,6.3,4.4,4.0,3.5,2.4,1.9,12.3,1.2,17.8,17.2,8.1,13.8,5.5,0.8
"SANTIAGO DEL ESTERO",4.5,6.7,1.8,3.3,4.4,5.2,5.6,17.7,22.1,12.4,17.2,14.6,11.8,10.8,22.5,1.5,2.6,3.8,4.5,5.8,4.0,6.1,15.9,18.3,12.3,16.4,10.3,8.7,7.8,15.1,3.2,5.2,1.4,2.3,3.5,4.0,2.2,13.8,15.5,8.2,18.5,14.2,10.7,10.7,22.9,3.3,5.2,2.1,2.0,3.1,4.0,2.8,17.4,17.9,14.5,20.0,16.2,12.2,15.1,23.1,3.8,1.5,3.1,3.6,3.3,3.9,7.5,21.6,19.5,22.0,24.0,18.3,20.2,13.0,21.7,1.9,3.1,5.4,1.0,3.6,4.3,2.2,12.2,17.9,9.5,6.7,14.6,18.9,2.6,21.3,2.3,5.2,0.5,0.3,2.3,2.3,3.0,17.0,16.7,17.9,16.2,10.7,13.1,6.3,12.1,84.2,73.9,84.9,86.3,86.1,87.9,90.5,75.6,74.4,80.0,72.4,81.6,82.9,84.5,76.6,84.7,74.4,85.6,87.3,85.8,88.5,90.3,75.9,77.3,77.8,71.8,84.4,83.8,85.9,83.6,85.4,75.2,85.7,87.2,86.9,88.4,93.1,76.3,79.5,78.8,68.4,79.6,80.8,81.6,75.9,86.5,77.2,85.7,88.8,88.5,89.4,93.6,71.0,76.2,69.6,65.8,76.3,76.0,76.5,76.5,86.5,76.3,84.9,89.1,88.6,90.3,93.3,70.0,75.2,66.8,66.7,73.7,67.6,80.0,76.0,87.9,78.1,87.3,90.5,89.2,90.4,94.6,77.7,76.6,76.4,81.1,79.0,71.4,91.3,77.4,88.8,80.1,88.9,91.2,89.6,92.0,93.5,74.4,78.1,70.2,74.3,84.2,78.2,89.1,87.3,11.3,19.4,13.3,10.4,9.5,6.9,3.8,6.7,3.5,7.5,10.4,3.8,5.4,4.7,0.9,11.3,19.4,12.9,10.2,10.4,7.0,3.9,8.2,4.5,9.9,11.8,5.3,7.5,6.2,1.4,11.5,19.6,12.9,10.4,9.7,7.6,4.7,9.9,5.0,13.0,13.1,6.1,8.5,7.7,1.3,10.2,17.6,12.2,9.3,8.4,6.6,3.6,11.7,6.0,15.9,14.2,7.5,11.7,8.4,0.4,9.6,16.2,11.3,9.4,8.3,6.1,3.4,8.4,5.4,11.2,9.3,8.0,12.2,7.0,2.3,9.0,16.5,10.8,8.4,7.2,5.4,3.2,10.1,5.4,14.1,12.2,6.4,9.7,6.1,1.2,8.8,14.8,10.6,8.5,8.1,5.7,3.4,8.6,5.2,11.9,9.5,5.2,8.7,4.6,0.6
"TIERRA DEL FUEGO",0.5,-0.1,-0.4,0.1,0.3,1.5,1.7,6.3,3.3,6.0,10.3,16.6,9.9,8.8,35.6,-2.6,-2.7,-0.7,-0.7,0.1,-1.3,-1.5,6.0,-2.4,5.5,15.2,16.3,10.5,12.8,29.5,-1.8,-3.5,-2.8,-2.1,-2.2,-0.3,-0.2,5.5,-0.3,7.4,9.6,14.9,9.5,11.7,26.9,-1.6,-3.1,-2.0,-1.0,-2.2,-0.6,-0.7,9.0,3.5,9.1,14.8,14.0,8.0,10.7,27.6,-3.2,-2.7,-2.4,-1.4,-1.4,-2.1,-1.5,6.3,1.0,7.7,11.2,14.7,13.0,8.3,25.2,0.4,0.0,-0.5,-1.2,-0.4,1.2,0.6,6.9,5.4,8.1,7.5,15.2,11.0,9.3,28.8,-0.8,-2.0,0.2,-1.5,-1.5,0.2,-0.4,8.3,6.4,10.1,8.4,15.0,14.3,7.4,25.5,96.8,97.4,98.7,97.2,96.1,95.6,95.6,81.6,88.1,80.4,75.3,77.9,82.8,84.1,63.7,97.9,97.9,100.3,98.4,96.2,97.4,97.7,76.4,88.5,76.8,63.5,76.4,79.7,78.4,69.1,98.1,99.7,100.2,98.1,98.0,95.9,97.3,73.6,80.8,72.8,67.2,78.0,79.5,80.2,73.0,97.4,97.5,98.5,96.9,97.4,96.0,97.9,72.3,78.5,70.8,67.0,78.3,78.8,82.4,72.3,99.3,97.2,100.8,100.1,99.8,98.3,99.7,75.3,78.3,72.1,75.4,77.6,76.0,82.0,74.4,96.4,96.8,96.0,97.8,96.8,93.9,96.8,75.3,76.4,73.2,76.6,75.2,72.8,81.5,71.0,97.0,96.4,97.3,97.1,97.9,95.2,98.1,74.4,75.0,72.1,76.5,77.8,75.2,84.5,73.9,2.7,2.7,1.8,2.8,3.5,2.9,2.7,12.1,8.6,13.7,14.4,5.4,7.3,7.2,0.7,3.4,3.5,2.4,4.3,4.4,3.3,2.2,17.6,13.9,17.7,21.3,7.3,9.8,8.8,1.5,3.7,3.9,2.6,4.0,4.3,4.4,2.8,20.8,19.6,19.8,23.2,7.2,11.1,8.1,0.1,4.2,5.6,3.5,4.1,4.8,4.6,2.8,18.7,18.0,20.1,18.2,7.7,13.2,6.8,0.1,2.8,4.3,2.4,2.6,2.5,3.1,1.8,18.4,20.7,20.3,13.5,7.7,11.0,9.7,0.4,3.6,3.6,3.6,3.4,3.5,4.9,2.6,17.7,18.2,18.8,15.9,9.6,16.2,9.2,0.1,3.9,5.6,2.5,4.4,3.6,4.6,2.3,17.3,18.6,17.7,15.1,7.1,10.6,8.1,0.7
"TUCUMAN",1.4,1.9,0.7,0.7,1.4,1.8,2.3,7.7,-5.0,13.1,17.7,16.0,14.1,14.2,20.7,1.4,1.4,2.4,2.2,2.3,2.0,2.4,7.8,-3.1,14.4,13.3,13.1,14.3,8.4,16.9,1.4,1.4,0.9,1.0,1.3,1.7,2.3,11.0,3.9,14.3,15.8,14.9,14.3,10.0,21.8,0.7,0.9,0.0,-0.1,0.5,1.2,2.0,12.3,7.1,14.5,16.5,15.8,15.8,10.5,21.8,0.6,1.2,2.2,2.3,1.4,1.7,2.2,12.9,10.3,15.0,13.9,14.7,15.7,9.2,20.2,1.2,1.4,1.8,1.1,1.4,1.8,1.0,11.3,8.2,12.3,14.7,15.3,14.3,7.8,25.8,1.0,1.4,0.7,0.6,0.9,1.3,1.1,10.2,9.4,10.2,11.3,11.7,9.5,4.7,23.0,92.0,87.7,91.0,92.3,93.1,94.3,94.6,85.8,103.5,77.1,73.3,79.8,78.1,82.6,78.7,91.9,88.9,91.6,92.5,91.6,93.0,94.2,83.3,97.2,74.1,77.3,81.5,76.8,86.9,82.5,93.4,90.8,92.9,93.5,94.1,94.4,95.2,79.7,87.7,74.2,76.8,80.8,78.7,85.9,77.6,93.7,91.0,93.2,94.0,94.5,94.7,95.2,77.5,82.6,74.0,75.3,78.8,75.9,84.5,76.8,93.6,90.7,93.5,93.9,93.6,94.3,96.2,76.4,79.0,72.1,78.2,79.8,75.9,86.1,78.3,94.1,91.4,93.1,93.9,94.3,95.1,97.2,76.2,77.9,73.7,77.0,79.7,77.2,87.8,74.0,95.7,93.3,95.1,95.5,96.3,96.7,97.6,80.1,79.5,79.6,81.5,84.7,84.2,92.2,76.7,6.6,10.5,8.3,7.0,5.5,3.9,3.0,6.5,1.6,9.8,9.0,4.3,7.7,3.2,0.6,6.1,8.7,7.0,6.2,6.0,4.8,3.5,8.9,5.9,11.5,9.4,5.3,9.0,4.7,0.6,5.2,7.8,6.3,5.5,4.6,3.8,2.6,9.2,8.5,11.5,7.3,4.3,7.0,4.1,0.7,5.6,8.1,6.8,6.1,5.0,4.2,2.8,10.1,10.3,11.6,8.2,5.4,8.3,4.9,1.4,4.7,7.1,5.9,4.9,4.1,3.4,2.4,10.7,10.7,13.0,7.9,5.5,8.5,4.7,1.5,4.5,6.9,5.8,5.0,4.3,3.1,1.8,12.5,13.9,14.1,8.3,4.9,8.5,4.4,0.2,3.3,5.4,4.3,3.8,2.8,2.0,1.3,9.8,11.1,10.2,7.1,3.6,6.3,3.0,0.3